{"Thanjavur_5y": {"Avg_Temp_Max": 33.4328587075575, "Avg_Temp_Min": 24.069003285870757, "Avg_Temp": 28.75093099671413, "Soil_Temperature": 26.75093099671413, "Total_Rainfall": 7539.1, "Avg_Rainfall": 4.128751369112815, "Rainfall_Days": 1286, "District": "Thanjavur"}, "Thiruvarur_5y": {"Avg_Temp_Max": 34.373110624315444, "Avg_Temp_Min": 23.815005476451258, "Avg_Temp": 29.094058050383353, "Soil_Temperature": 27.094058050383353, "Total_Rainfall": 5482.4, "Avg_Rainfall": 3.0024096385542167, "Rainfall_Days": 1137, "District": "Thiruvarur"}, "Tiruvannamalai_5y": {"Avg_Temp_Max": 32.93619934282585, "Avg_Temp_Min": 23.490744797371306, "Avg_Temp": 28.21347207009858, "Soil_Temperature": 26.21347207009858, "Total_Rainfall": 6901.6, "Avg_Rainfall": 3.7796276013143486, "Rainfall_Days": 1117, "District": "Tiruvannamalai"}, "Cuddalore_5y": {"Avg_Temp_Max": 31.695564074479734, "Avg_Temp_Min": 24.613636363636367, "Avg_Temp": 28.15460021905805, "Soil_Temperature": 26.15460021905805, "Total_Rainfall": 7664.8, "Avg_Rainfall": 4.1975903614457835, "Rainfall_Days": 1280, "District": "Cuddalore"}, "Thiruvallur_5y": {"Avg_Temp_Max": 34.373110624315444, "Avg_Temp_Min": 23.815005476451258, "Avg_Temp": 29.094058050383353, "Soil_Temperature": 27.094058050383353, "Total_Rainfall": 5482.4, "Avg_Rainfall": 3.0024096385542167, "Rainfall_Days": 1137, "District": "Thiruvallur"}, "Villupuram_5y": {"Avg_Temp_Max": 33.14644030668127, "Avg_Temp_Min": 24.20377875136911, "Avg_Temp": 28.675109529025193, "Soil_Temperature": 26.675109529025193, "Total_Rainfall": 7549.5, "Avg_Rainfall": 4.134446878422782, "Rainfall_Days": 1204, "District": "Villupuram"}, "Pudukkottai_5y": {"Avg_Temp_Max": 33.7263964950712, "Avg_Temp_Min": 24.093318729463306, "Avg_Temp": 28.909857612267253, "Soil_Temperature": 26.909857612267253, "Total_Rainfall": 6986.3, "Avg_Rainfall": 3.826013143483023, "Rainfall_Days": 1320, "District": "Pudukkottai"}, "Mayiladuthurai_5y": {"Avg_Temp_Max": 32.902519167579406, "Avg_Temp_Min": 24.39496166484118, "Avg_Temp": 28.648740416210295, "Soil_Temperature": 26.648740416210295, "Total_Rainfall": 7841.8, "Avg_Rainfall": 4.2945235487404165, "Rainfall_Days": 1324, "District": "Mayiladuthurai"}, "Nagapattinam_5y": {"Avg_Temp_Max": 31.88127053669222, "Avg_Temp_Min": 25.212814895947428, "Avg_Temp": 28.547042716319822, "Soil_Temperature": 26.547042716319822, "Total_Rainfall": 8782.7, "Avg_Rainfall": 4.809802847754655, "Rainfall_Days": 1372, "District": "Nagapattinam"}, "Tiruchirappalli_5y": {"Avg_Temp_Max": 34.146933187294636, "Avg_Temp_Min": 24.17645125958379, "Avg_Temp": 29.16169222343921, "Soil_Temperature": 27.16169222343921, "Total_Rainfall": 6444.799999999999, "Avg_Rainfall": 3.5294633077765605, "Rainfall_Days": 1153, "District": "Tiruchirappalli"}, "Chengalpattu_5y": {"Avg_Temp_Max": 32.83822562979189, "Avg_Temp_Min": 24.27650602409638, "Avg_Temp": 28.557365826944135, "Soil_Temperature": 26.557365826944135, "Total_Rainfall": 7624.3, "Avg_Rainfall": 4.175410733844469, "Rainfall_Days": 1225, "District": "Chengalpattu"}, "Kallakurichi_5y": {"Avg_Temp_Max": 33.39408543263965, "Avg_Temp_Min": 23.603395399780943, "Avg_Temp": 28.498740416210296, "Soil_Temperature": 26.498740416210296, "Total_Rainfall": 6892.7, "Avg_Rainfall": 3.774753559693319, "Rainfall_Days": 1157, "District": "Kallakurichi"}, "Madurai_5y": {"Avg_Temp_Max": 34.52289156626506, "Avg_Temp_Min": 24.023274917853232, "Avg_Temp": 29.273083242059144, "Soil_Temperature": 27.273083242059144, "Total_Rainfall": 6720.900000000001, "Avg_Rainfall": 3.6806681270536696, "Rainfall_Days": 1190, "District": "Madurai"}, "Sivaganga_5y": {"Avg_Temp_Max": 34.16166484118291, "Avg_Temp_Min": 24.16500547645126, "Avg_Temp": 29.163335158817084, "Soil_Temperature": 27.163335158817084, "Total_Rainfall": 7244.700000000001, "Avg_Rainfall": 3.9675246440306684, "Rainfall_Days": 1306, "District": "Sivaganga"}, "Kanchipuram_5y": {"Avg_Temp_Max": 33.19430449069004, "Avg_Temp_Min": 23.92217962760131, "Avg_Temp": 28.558242059145673, "Soil_Temperature": 26.558242059145673, "Total_Rainfall": 6968.200000000001, "Avg_Rainfall": 3.8161007667031766, "Rainfall_Days": 1203, "District": "Kanchipuram"}, "Ranipet_5y": {"Avg_Temp_Max": 33.23406352683461, "Avg_Temp_Min": 23.54534501642935, "Avg_Temp": 28.38970427163198, "Soil_Temperature": 26.38970427163198, "Total_Rainfall": 6684.099999999999, "Avg_Rainfall": 3.6605147864184007, "Rainfall_Days": 1140, "District": "Ranipet"}, "Tirunelveli_5y": {"Avg_Temp_Max": 32.0, "Avg_Temp_Min": 22.0, "Avg_Temp": 27.0, "Soil_Temperature": 25.0, "Total_Rainfall": 900.0, "Avg_Rainfall": 2.5, "Rainfall_Days": 80, "District": "Tirunelveli"}, "Thenkasi_5y": {"Avg_Temp_Max": 32.0, "Avg_Temp_Min": 22.0, "Avg_Temp": 27.0, "Soil_Temperature": 25.0, "Total_Rainfall": 900.0, "Avg_Rainfall": 2.5, "Rainfall_Days": 80, "District": "Thenkasi"}, "Krishnagiri_5y": {"Avg_Temp_Max": 32.0, "Avg_Temp_Min": 22.0, "Avg_Temp": 27.0, "Soil_Temperature": 25.0, "Total_Rainfall": 900.0, "Avg_Rainfall": 2.5, "Rainfall_Days": 80, "District": "Krishnagiri"}, "Erode_5y": {"Avg_Temp_Max": 32.0, "Avg_Temp_Min": 22.0, "Avg_Temp": 27.0, "Soil_Temperature": 25.0, "Total_Rainfall": 900.0, "Avg_Rainfall": 2.5, "Rainfall_Days": 80, "District": "Erode"}, "Dharmapuri_5y": {"Avg_Temp_Max": 32.0, "Avg_Temp_Min": 22.0, "Avg_Temp": 27.0, "Soil_Temperature": 25.0, "Total_Rainfall": 900.0, "Avg_Rainfall": 2.5, "Rainfall_Days": 80, "District": "Dharmapuri"}, "Ramanathapuram_5y": {"Avg_Temp_Max": 32.0, "Avg_Temp_Min": 22.0, "Avg_Temp": 27.0, "Soil_Temperature": 25.0, "Total_Rainfall": 900.0, "Avg_Rainfall": 2.5, "Rainfall_Days": 80, "District": "Ramanathapuram"}, "Ariyalur_5y": {"Avg_Temp_Max": 32.0, "Avg_Temp_Min": 22.0, "Avg_Temp": 27.0, "Soil_Temperature": 25.0, "Total_Rainfall": 900.0, "Avg_Rainfall": 2.5, "Rainfall_Days": 80, "District": "Ariyalur"}, "Salem_5y": {"Avg_Temp_Max": 33.20815991237678, "Avg_Temp_Min": 22.519058050383354, "Avg_Temp": 27.863608981380068, "Soil_Temperature": 25.863608981380068, "Total_Rainfall": 5674.6, "Avg_Rainfall": 3.1076670317634174, "Rainfall_Days": 1101, "District": "Salem"}, "Virudhunagar_5y": {"Avg_Temp_Max": 32.0, "Avg_Temp_Min": 22.0, "Avg_Temp": 27.0, "Soil_Temperature": 25.0, "Total_Rainfall": 900.0, "Avg_Rainfall": 2.5, "Rainfall_Days": 80, "District": "Virudhunagar"}, "Karur_5y": {"Avg_Temp_Max": 32.0, "Avg_Temp_Min": 22.0, "Avg_Temp": 27.0, "Soil_Temperature": 25.0, "Total_Rainfall": 900.0, "Avg_Rainfall": 2.5, "Rainfall_Days": 80, "District": "Karur"}, "Dindigul_5y": {"Avg_Temp_Max": 32.0, "Avg_Temp_Min": 22.0, "Avg_Temp": 27.0, "Soil_Temperature": 25.0, "Total_Rainfall": 900.0, "Avg_Rainfall": 2.5, "Rainfall_Days": 80, "District": "Dindigul"}, "Namakkal_5y": {"Avg_Temp_Max": 32.0, "Avg_Temp_Min": 22.0, "Avg_Temp": 27.0, "Soil_Temperature": 25.0, "Total_Rainfall": 900.0, "Avg_Rainfall": 2.5, "Rainfall_Days": 80, "District": "Namakkal"}, "Thoothukudi_5y": {"Avg_Temp_Max": 32.402902519167576, "Avg_Temp_Min": 24.88762322015334, "Avg_Temp": 28.645262869660456, "Soil_Temperature": 26.645262869660456, "Total_Rainfall": 6224.1, "Avg_Rainfall": 3.4085980284775466, "Rainfall_Days": 1275, "District": "Thoothukudi"}, "Theni_5y": {"Avg_Temp_Max": 33.15306681270537, "Avg_Temp_Min": 23.19780941949617, "Avg_Temp": 28.17543811610077, "Soil_Temperature": 26.17543811610077, "Total_Rainfall": 4973.3, "Avg_Rainfall": 2.723603504928806, "Rainfall_Days": 1128, "District": "Theni"}, "Tiruppur_5y": {"Avg_Temp_Max": 33.22705366922235, "Avg_Temp_Min": 22.533132530120483, "Avg_Temp": 27.880093099671416, "Soil_Temperature": 25.880093099671416, "Total_Rainfall": 5253.9, "Avg_Rainfall": 2.877272727272727, "Rainfall_Days": 1141, "District": "Tiruppur"}, "Tirupathur_5y": {"Avg_Temp_Max": 32.23953997809419, "Avg_Temp_Min": 21.42606790799562, "Avg_Temp": 26.832803943044908, "Soil_Temperature": 24.832803943044908, "Total_Rainfall": 5669.0, "Avg_Rainfall": 3.1046002190580504, "Rainfall_Days": 1079, "District": "Tirupathur"},